timestamp,humidity,temperature,weight,flow_processed
2017-01-01,0.9902015503875953,0.5126885763541693,0.5569825976524162,0
2017-01-02,0.9940315972222227,0.46121815107027775,0.5561183045742296,0
2017-01-03,0.9920173611111114,0.5299349348738112,0.557343610204586,0
2017-01-04,0.9864614583333342,0.4942278160141501,0.5547485285439494,0
2017-01-05,0.9829194444444437,0.3554589925602383,0.5501226173386563,0
2017-01-06,0.9819954861111112,0.24401573956450684,0.5508110278360419,0
2017-01-07,0.980536111111112,0.32361058161215783,0.5549725708756204,0
2017-01-08,0.9861937499999999,0.3961834709535459,0.5547871299649954,0
2017-01-09,0.9916930555555552,0.35501885122106913,0.5537334936769535,0
2017-01-10,0.9957135416666663,0.3422454484738675,0.5538146612110989,0
2017-01-11,0.9896406249999985,0.39639625327580125,0.5537181227071938,0
2017-01-12,0.9960739583333336,0.45963444507305823,0.5531407706955306,0
2017-01-13,0.9977298611111121,0.34063422194927695,0.5522402628499445,0
2017-01-14,0.9993458333333347,0.31888582753732525,0.5524905619587819,0
2017-01-15,0.9991434027777768,0.35167639982788246,0.551150700434209,0
2017-01-16,0.9989611111111112,0.29299399491207,0.5488130737792556,0
2017-01-17,0.9985430555555574,0.2682980125450741,0.5514443459816978,0
2017-01-18,1.0,0.28182156227536437,0.5509188153368496,0
2017-01-19,0.9968274305555542,0.2908543504493889,0.5509447978223642,0
2017-01-20,0.9996302083333343,0.3263099915604848,0.5509358761255306,0
2017-01-21,0.9963062500000015,0.40595902421394775,0.5506974239845897,0
2017-01-22,1.0,0.4274078735038176,0.5490937767118695,0
2017-01-23,1.0,0.35073680684117436,0.54892842595505,0
2017-01-24,1.0,0.39902869887538994,0.5492381156645492,0
2017-01-25,1.0,0.4786834805636186,0.5471119405187312,0
2017-01-26,0.8076388888888889,0.43455297121512676,0.5478953296287271,0
2017-01-27,0.044382638888888826,0.360008128931051,0.5465397833325892,0
2017-01-28,0.9999635416666666,0.3328892345718101,0.5450171037638085,0
2017-01-29,0.9609506944444444,0.4113667908333441,0.5477958043090936,0
2017-01-30,1.0,0.47510377092797457,0.5463656787970904,0
2017-01-31,0.999076041666666,0.4428418206832513,0.5468832549840835,0
2017-02-01,0.9965892361111084,0.4375088255337696,0.5460091095293458,0
2017-02-02,0.8571902777777782,0.4596238995063276,0.5459254680516745,0
2017-02-03,0.0,0.39796992397564845,0.5462924505245892,0
2017-02-04,0.0,0.4633151880415721,0.5466298034207947,0
2017-02-05,0.0,0.4640646036385807,0.5452001717857249,0
2017-02-06,0.0,0.47161369860953967,0.5447704076771474,0
2017-02-07,0.0,0.466259612326597,0.5429370650814066,0
2017-02-08,0.0,0.3990281205701176,0.5410475048543376,0
2017-02-09,0.0,0.40053263276298684,0.540234729307047,0
2017-02-10,0.09782850694444434,0.40652231055816324,0.5417353789253969,0
2017-02-11,0.6930260416666664,0.4191334816675015,0.5425753070666272,0
2017-02-12,0.9500708333333334,0.45380223640173806,0.542245257470536,0
2017-02-13,0.9525899305555543,0.3815303209366338,0.5395812093154186,0
2017-02-14,0.9561277777777774,0.38836854265608584,0.5392191944846345,0
2017-02-15,0.9621548611111108,0.3621499845609499,0.539076074268264,0
2017-02-16,0.9630131944444436,0.41865355632739243,0.5403980452909065,0
2017-02-17,0.965823958333335,0.49827544265101387,0.5408249912617272,0
2017-02-18,0.9641906249999982,0.49865508305331124,0.540102090678808,0
2017-02-19,0.9608815972222235,0.4883316535833032,0.5405806285536198,0
2017-02-20,0.9582270833333346,0.5150413629444224,0.5406852370066039,0
2017-02-21,0.9558215277777775,0.5438959045066953,0.5394046878221963,0
2017-02-22,0.9513753472222217,0.5102705145375905,0.5388525888778087,0
2017-02-23,0.9416961805555545,0.48069870434785844,0.5379088151335039,0
2017-02-24,0.9468677083333332,0.47317699383244227,0.5371511175015378,0
2017-02-25,0.9544079861111106,0.4475517769467033,0.5370208274480637,0
2017-02-26,0.9626229166666669,0.47441116531948135,0.5382253507370988,0
2017-02-27,0.9736545138888895,0.5445170724050785,0.5379143822662482,0
2017-02-28,0.965795833333333,0.5375466228860091,0.5359532851052224,0
2017-03-01,0.9745618055555549,0.47722649145695095,0.5353370551014306,0
2017-03-02,0.9764246527777773,0.4847058496156595,0.5351233834255325,0
2017-03-03,0.9710819444444457,0.5973823386046084,0.533981567310715,0
2017-03-04,0.9570965277777783,0.7443276672230072,0.5287817209623226,1
2017-03-05,0.9674555555555546,0.6437153065737423,0.5259826331772615,0
2017-03-06,0.9866746527777752,0.48600108333586445,0.5241944142173168,0
2017-03-07,0.9940982638888903,0.47318022553837524,0.5235392112450661,0
2017-03-08,0.9855979166666661,0.4879737846736102,0.5241607956346162,0
2017-03-09,0.986936458333333,0.5042874362261098,0.5240501314906295,0
2017-03-10,0.9850572916666682,0.5138158660364678,0.5229405123527586,1
2017-03-11,0.9911274305555561,0.5324083805414696,0.5217414551416504,0
2017-03-12,0.9693097222222213,0.4906210621025356,0.52054102495267,0
2017-03-13,0.9894302083333335,0.4679880647316818,0.5196163292943621,0
2017-03-14,0.9887531250000006,0.5405931010426193,0.5209599100921407,1
2017-03-15,0.9942354166666665,0.5908024152341389,0.5191100051435141,1
2017-03-16,0.9853253472222225,0.6246074200172334,0.5181339721177846,1
2017-03-17,0.9952819444444461,0.7756451088862072,0.5168225768997937,1
2017-03-18,0.9985180555555555,0.6919520895173008,0.5158958586254927,1
2017-03-19,0.9984333333333331,0.5732596948881791,0.5153090196178618,0
2017-03-20,0.9053506944444443,0.6281687599559928,0.516263426152621,1
2017-03-21,0.9903482638888887,0.6240265633981271,0.5150141249416391,0
2017-03-22,0.9792432291666668,0.6545355683085848,0.51244887420754,1
2017-03-23,0.9973486111111106,0.69874462512024,0.5121064564134364,1
2017-03-24,0.9812105555555564,0.7389082664622498,0.5111426381039654,1
2017-03-25,0.9320706944444446,0.8084651237187174,0.5135088678314182,1
2017-03-26,0.9642003124999994,0.8566004665929625,0.5159782122240876,1
2017-03-27,0.8526670833333334,0.8998438201567208,0.5233329553212612,1
2017-03-28,0.962909201388889,0.9465059118617171,0.5338205132832075,1
2017-03-29,0.984107638888888,0.937021535305928,0.5392526876985771,0
2017-03-30,0.9741385416666664,0.9344091262831271,0.541385499030747,0
2017-03-31,0.9471391666666672,0.9633398680695165,0.5448291319238565,1
2017-04-01,0.9489623263888886,0.9639163023541881,0.5467565535163812,1
2017-04-02,0.9497520833333335,0.9595837753258158,0.5477201203285226,0
2017-04-03,0.9607437499999999,0.9480525382855944,0.5472982977610189,0
2017-04-04,0.968351041666667,0.9421793379758537,0.5414143399239856,1
2017-04-05,0.9780430555555557,0.9408745792276341,0.5369942249570443,0
2017-04-06,0.9773819444444447,0.9412156092485154,0.537120343649966,0
2017-04-07,0.9794687500000006,0.9465987808848603,0.540828451439498,0
2017-04-08,0.9717968750000003,0.9481870793063004,0.5413373581867963,0
2017-04-09,0.9499230902777778,0.9632015850735185,0.5373179658451804,0
2017-04-10,0.9629048611111111,0.9709682248807397,0.5374075467628235,0
2017-04-11,0.966503125,0.962883687263529,0.5361812548982232,0
2017-04-12,0.9792347222222229,0.9618546440583768,0.537772926795046,0
2017-04-13,0.9814326388888888,0.9615207578085069,0.5352238896607345,0
2017-04-14,0.9282027777777779,0.9626025288473113,0.5346483741114498,0
2017-04-15,0.9892079861111112,0.962538575087785,0.5324936581976066,0
2017-04-16,0.9242128472222225,0.9582302008090215,0.53095157230462,0
2017-04-17,0.9498061805555559,0.9589173635443619,0.5276319936988553,0
2017-04-18,0.9605711805555555,0.9598452033268604,0.5268108815089431,0
2017-04-19,0.9740118055555558,0.9583086122003559,0.5234193214799793,0
2017-04-20,0.963863541666667,0.961893084350007,0.5494219754091794,0
2017-04-21,0.9617857638888889,0.9665484417921618,0.5868417761393196,0
2017-04-22,0.9664173611111111,0.9630396595972702,0.5812551967995749,0
2017-04-23,0.9659788194444445,0.9568237283687878,0.5794358833479595,0
2017-04-24,0.9679895833333334,0.9554636904401275,0.5796266535705922,0
2017-04-25,0.9775972222222225,0.9518402677294864,0.5728453122294301,0
2017-04-26,0.9712309027777776,0.9542728918485105,0.571147381570859,0
2017-04-27,0.9618912152777779,0.9579803389134232,0.571525171590679,0
2017-04-28,0.9627220138888892,0.9622946663346961,0.5734897699592516,0
2017-04-29,0.9736923611111111,0.9594577387944071,0.5687932753823842,0
2017-04-30,0.9446636458333337,0.9651805797333456,0.5659140260524997,0
2017-05-01,0.947979201388889,0.9775814858492606,0.5674595880792789,0
2017-05-02,0.9670163194444443,0.9702002694970595,0.5692575782043795,0
2017-05-03,0.9733239583333333,0.9700590949746994,0.570148298928784,0
2017-05-04,0.9747975694444446,0.9642653265950096,0.5690636236152493,0
2017-05-05,0.9842138888888885,0.9585885799880727,0.5684827316456974,0
2017-05-06,0.9751640972222221,0.9718128907578956,0.5682977671363595,1
2017-05-07,0.9646499999999996,0.9847121599467191,0.5680434197562962,0
2017-05-08,0.7012371527777781,0.9819791572656617,0.5707079260772434,0
2017-05-09,0.9536333135058801,0.9737445154123275,0.5712512078527324,0
2017-05-10,0.9660704861111107,0.974821438892233,0.5726109417913825,0
2017-05-11,0.9414634027777775,0.980083506600963,0.5715636506822078,0
2017-05-12,0.9450310416666661,0.9843330298137789,0.5795411999444827,0
2017-05-13,0.9337743750000003,0.9902732454991936,0.5924325359573454,0
2017-05-14,0.9043047916666667,0.9888123443274488,0.6124157844012411,1
2017-05-15,0.8914117708333333,0.9879666579115775,0.6392270873460075,1
2017-05-16,0.8929401736111109,0.9838494645522503,0.6570036739002971,0
2017-05-17,0.8815080208333335,0.9929914503688714,0.6736320748469606,1
2017-05-18,0.8675771180555556,0.9943310775232153,0.725210601613456,1
2017-05-19,0.856662361111111,0.9928208503135378,0.747696739331088,1
2017-05-20,0.8658648958333333,0.9885415613881753,0.7496388868141179,1
2017-05-21,0.8570384027777778,0.9899592597542836,0.7647995873319403,1
2017-05-22,0.8492624999999999,0.9900522988672109,0.7872667449791494,1
2017-05-23,0.8359899652777779,0.9909034281562333,0.809146722463739,1
2017-05-24,0.8342489583333337,0.9932343385832456,0.816091429936263,0
2017-05-25,0.8350304513888887,0.9949826914932882,0.8202237385006795,1
2017-05-26,0.8306763541666666,0.9917025099707472,0.8407563688060223,1
2017-05-27,0.8029997222222223,0.9915635466156059,0.8749832604860519,1
2017-05-28,0.7899245138888886,0.9915793649657013,0.895730670271243,1
2017-05-29,0.7951260069444447,0.9912124812973513,0.8939743238490926,1
2017-05-30,0.8011979513888892,0.9913373272002577,0.8933792781264649,0
2017-05-31,0.797706963133596,0.9884991239865742,0.8875864218883366,0
2017-06-01,0.8062367013888889,0.9875849764318477,0.8905229598824623,1
2017-06-02,0.8106542013888888,0.9888953481430042,0.8902953130089954,1
2017-06-03,0.8225375000000003,0.9869604067377453,0.8940734381111555,1
2017-06-04,0.8275153819444445,0.988064289448728,0.8893782861197325,1
2017-06-05,0.8243264930555552,0.9829190734229638,0.8934836958669721,1
2017-06-06,0.8177120486111114,0.9897582136272587,0.8551581149650385,1
2017-06-07,0.8457356597222221,0.9822494299355767,0.791605230447062,0
2017-06-08,0.8503290625,0.9853008406959807,0.789819813668852,0
2017-06-09,0.8434242708333333,0.9913431102529805,0.7830657138194776,1
2017-06-10,0.8402610416666667,0.98938962906105,0.7793422950852281,1
2017-06-11,0.8289370138888892,0.9948889720212162,0.7792276464941125,1
2017-06-12,0.827915798611111,0.984574727399651,0.7790424692377884,1
2017-06-13,0.8286253819444442,0.9863521656630974,0.7751673862162352,1
2017-06-14,0.8461175,0.9878127266552695,0.7713440994877427,1
2017-06-15,0.8399843749999998,0.9910308254059299,0.7741184972252282,1
2017-06-16,0.8335804513888887,0.9788478043058488,0.7789028129982398,1
2017-06-17,0.843688611111111,0.9845711555141452,0.7774259241790229,1
2017-06-18,0.8466005208333333,0.9846630039985714,0.7921662282939607,1
2017-06-19,0.8383825,0.9832752414347964,0.8150925326879903,1
2017-06-20,0.8271609588452322,0.9770167027149282,0.8384831345219373,1
2017-06-21,0.8341096874999998,0.9714392034981066,0.847848524376469,1
2017-06-22,0.8452977777777779,0.977227358914859,0.8725438982222411,1
2017-06-23,0.8306413541666671,0.9710653461485313,0.8905281676247633,1
2017-06-24,0.8179935069444447,0.9704156031661054,0.9049185432171732,1
2017-06-25,0.8264063194444443,0.9658743759703409,0.9154710581527145,1
2017-06-26,0.8294288194444446,0.970967544521596,0.928428430070322,1
2017-06-27,0.8200798263888888,0.9688885370676146,0.9402734558895781,1
2017-06-28,0.8206326041666667,0.9768381934845466,0.9666148296143721,1
2017-06-29,0.8268073958333333,0.9770722370300489,0.9977672674868421,1
2017-06-30,0.8236674652777776,0.9568346141150903,0.9999999999999999,1
2017-07-01,0.8137257291666666,0.9681561304492026,0.9941602183148655,1
2017-07-02,0.8105112152777779,0.9671384832597122,0.9931585941061155,1
2017-07-03,0.8148723263888891,0.9654284005515117,0.9871764125051203,1
2017-07-04,0.8066704513888889,0.9636783467436081,0.9871002414859115,1
2017-07-05,0.808254513888889,0.9688844549127517,0.982402134590811,1
2017-07-06,0.8136809722222224,0.9659078836581767,0.9779609037256682,1
2017-07-07,0.8232231250000002,0.9638523485946613,0.9808892763346951,1
2017-07-08,0.8122767708333335,0.9611744550042604,0.9776041103137764,1
2017-07-09,0.8414112820512822,0.9603115409229239,0.9733666640005773,0
2017-07-14,0.7873195845697329,0.9675840495436488,0.947389816198262,1
2017-07-15,0.8371253819444444,0.9711340624220666,0.9500122812256006,1
2017-07-16,0.8523006597222222,0.9623172882762303,0.9536806045688776,1
2017-07-17,0.8307689236111113,0.9570865170881205,0.9500295790752094,1
2017-07-18,0.8400041666666666,0.9499250567394003,0.9459266729041147,1
2017-07-19,0.8367359722222221,0.9536974781025546,0.9437165629937074,1
2017-07-20,0.8398877083333331,0.9618519226218001,0.9449474403156731,1
2017-07-21,0.8108524305555556,0.95167357973923,0.9408217459030979,1
2017-07-22,0.8585440624999997,0.9352755636528864,0.9411374305187485,1
2017-07-23,0.8538636111111111,0.9282062919681661,0.941779274499882,1
2017-07-24,0.8387359722222221,0.9245214668447888,0.9375694470121362,1
2017-07-25,0.8628476388888887,0.9096144578223079,0.9353231154076876,1
2017-07-26,0.8442408680555555,0.9360824695975555,0.7779864053546686,1
2017-07-27,0.811521875,0.9793606250105658,0.584523559607626,1
2017-07-28,0.8121771180555557,0.9750320100472709,0.5813679489032695,1
2017-07-29,0.8374493055555554,0.9753987236258341,0.5798646741390757,1
2017-07-30,0.8196426388888889,0.9859266010185853,0.5749724812075997,1
2017-07-31,0.8168688888888889,0.9833701515353704,0.5703577452975718,1
2017-08-01,0.8259071797732189,0.9830244015229285,0.5693824394550346,1
2017-08-02,0.8344619444444439,0.9817910379623723,0.5676631086846886,1
2017-08-03,0.8261026736111112,0.9822074177584413,0.5658208474313552,1
2017-08-04,0.8305119097222223,0.9762962874264286,0.5640601966817846,1
2017-08-05,0.8382852430555556,0.9757513197521617,0.561210136238424,1
2017-08-06,0.8344342708333333,0.975232545904936,0.5944317520596455,1
2017-08-07,0.8520959375000002,0.9779065274302597,0.6385176331324333,1
2017-08-08,0.8720582986111111,0.9802403293836323,0.6212756470829066,1
2017-08-09,0.8570636805555552,0.9759579788421222,0.6114623663801573,1
2017-08-10,0.8696160416666662,0.9855581865421615,0.6115671564278911,1
2017-08-11,0.9249111805555553,0.9704599966002442,0.6135869178105833,1
2017-08-12,0.9223889236111114,0.9702381995193323,0.6118461110361646,0
2017-08-13,0.8827641319444445,0.9723316646051211,0.607505038412935,1
2017-08-14,0.8733514930555555,0.9705210588334094,0.6027420110151499,1
2017-08-15,0.8608930902777777,0.9734501750376973,0.601349006053206,1
2017-08-16,0.8488406597222224,0.942659161262091,0.5996259818875981,1
2017-08-17,0.8638014930555556,0.8978617638807466,0.5991610993300653,1
2017-08-18,0.8857513888888888,0.9005928955741579,0.602211468659153,1
2017-08-19,0.8741478746522948,0.8419263770443557,0.6002992503031666,1
2017-08-20,0.8977164236111113,0.7807074911862014,0.5989756257475821,1
2017-08-21,0.8905246527777779,0.7488825016016503,0.5994820585513553,1
2017-08-22,0.8702443055555551,0.7616877111388284,0.5925125447802245,1
2017-08-23,0.8634641666666669,0.8242600014239906,0.5822610957031294,1
2017-08-24,0.8666721527777776,0.8071860485281802,0.5818905937872113,1
2017-08-25,0.8701392013888887,0.7785951461341695,0.5810696996629606,1
2017-08-26,0.8899857638888887,0.7650124561852958,0.5802368104077341,1
2017-08-27,0.8836005555555554,0.8064716714270818,0.5815928391836441,1
2017-08-28,0.9005153125000003,0.7651978540520092,0.5829051537725418,1
2017-08-29,0.8929409027777775,0.7728935664184788,0.582832113933085,0
2017-08-30,0.8974056597222223,0.8251519522616473,0.5838175625325794,1
2017-08-31,0.9116480902777775,0.8006522194897101,0.5835576267450724,1
2017-09-01,0.927681944444445,0.7031557336297339,0.5831219026816351,0
2017-09-02,0.9370312500000006,0.6726193442637337,0.5825785354814158,0
2017-09-03,0.9262778125000004,0.6613486847756265,0.5809655364590249,0
2017-09-04,0.8646993402777774,0.6655636797618899,0.5805372539812452,0
2017-09-05,0.17937062499999995,0.6931580260998693,0.5818747859263181,0
2017-09-06,0.9164789930555557,0.7411056564072693,0.6096814963089708,0
2017-09-07,0.948299141651213,0.7183416899012143,0.6519749997339322,1
2017-09-08,0.9408965277777783,0.7254892028874844,0.6503055994501509,0
2017-09-09,0.8912967708333331,0.7603489344334149,0.6491166370835415,1
2017-09-10,0.8707389930555554,0.7474865747281477,0.6441760130604401,1
2017-09-11,0.4982718749999999,0.7518066852021438,0.6415909259492975,0
2017-09-12,0.952395486111111,0.7160650381159293,0.6391273181271518,0
2017-09-13,0.9686041666666668,0.672897441063804,0.6370832017733908,0
2017-09-14,0.9636034722222222,0.6595719268713245,0.6346447710374562,0
2017-09-15,0.9563940972222221,0.6598840416285896,0.631879734167365,0
2017-09-16,0.9618472222222221,0.6254593997551858,0.6286252143498285,0
2017-09-17,0.9543215277777772,0.6129462343805272,0.6277546521621872,0
2017-09-18,0.9560925088857981,0.5909051494648679,0.6315476641153028,1
2017-09-19,0.952078819444445,0.605084684472731,0.6377625006212744,0
2017-09-20,0.9352990277777775,0.6608549141269392,0.6358315124774878,0
2017-09-21,0.9248940972222222,0.6966902806852258,0.6329515094154238,1
2017-09-22,0.9274976736111111,0.6937446657716991,0.6296145364640952,1
2017-09-23,0.9255637847222224,0.6836886174452447,0.627248677524245,0
2017-09-24,0.5393919444444444,0.7097325953840553,0.6248497075552202,0
2017-09-25,0.021508680555555604,0.7315284108283372,0.6218900254281055,1
2017-09-26,0.0,0.7205702062770675,0.6194499694571576,1
2017-09-27,0.2713814930555555,0.7130422024395706,0.6170661979808723,1
2017-09-28,0.32784100694444446,0.7093646911769895,0.6325000785459091,1
2017-09-29,0.9314605555555555,0.7335383618292113,0.6648760015423814,1
2017-09-30,0.9345607638888885,0.7289755332306276,0.6626870652757895,1
2017-10-01,0.940669444444445,0.6945966455096513,0.6612378160891478,1
2017-10-02,0.9396878472222219,0.6311354660029802,0.6606072727720402,1
2017-10-03,0.9439937500000006,0.6199495112282898,0.65943973934563,1
2017-10-04,0.9431270833333332,0.5908731725851044,0.658551908181187,0
2017-10-05,0.9464718750000003,0.5770909673172817,0.6580831285547512,0
2017-10-06,0.9457569444444442,0.5758367252354966,0.6575163903382739,1
2017-10-07,0.9488027777777781,0.5696485186421291,0.6564101189261946,0
2017-10-08,0.9535197916666667,0.5554123437355367,0.6547648727793542,1
2017-10-09,0.9448177083333338,0.49342584267327483,0.6533986085939693,1
2017-10-10,0.942695486111111,0.5649909500327567,0.6548861294438284,1
2017-10-11,0.9459631944444444,0.6208904479243067,0.6549379006631384,1
2017-10-12,0.9485868055555553,0.6110396979695256,0.6528374048383784,1
2017-10-13,0.94769367273219,0.5865416660954484,0.6528813285175572,1
2017-10-14,0.9453472222222227,0.6646060742668469,0.6531134904015787,1
2017-10-15,0.950038541666667,0.6731350564948119,0.6510924730518565,1
2017-10-16,0.957378125,0.6644089402049008,0.6495449613509092,1
2017-10-17,0.9619249999999993,0.6442628255947975,0.6465583872449118,1
2017-10-18,0.9624479166666673,0.5819489016945325,0.6430190751937586,1
2017-10-19,0.9579694444444444,0.6033114984539343,0.6426188190921839,1
2017-10-20,0.9648281250000006,0.6031725350987918,0.641583941009849,1
2017-10-21,0.9636177083333334,0.5870260818059063,0.6415098761858051,1
2017-10-22,0.9694184027777786,0.5554985792570263,0.6412503803286743,1
2017-10-23,0.9648076388888885,0.5354051924805749,0.6406783165992431,0
2017-10-24,0.9636503472222229,0.5476822732322997,0.640685988407533,1
2017-10-25,0.9640840277777771,0.6115855160927216,0.6397981891551393,1
2017-10-26,0.9723590277777778,0.5697830596628359,0.6380326057147284,1
2017-10-27,0.970975347222223,0.5323085378371017,0.6368376765549646,1
2017-10-28,0.9639666666666675,0.5124481740674374,0.6371630008885266,1
2017-10-29,0.9660364583333325,0.469970889813489,0.635128120793212,0
2017-10-30,0.9629593750000011,0.38765584944386894,0.6336110805391924,0
2017-10-31,0.9497024305555554,0.40761265412218145,0.6356293868844599,0
2017-11-01,0.951585069444445,0.49226293880655947,0.6359772152903124,0
2017-11-02,0.9631475694444445,0.4950502001293429,0.6341185330088774,1
2017-11-03,0.9577013888888886,0.45973922038121884,0.6341431364380345,0
2017-11-04,0.9464812500000002,0.44186856692789794,0.6338333555512549,1
2017-11-05,0.9413916666666666,0.4639315934259477,0.633017674487979,0
2017-11-06,0.9624322916666652,0.36053200547185615,0.604042369983226,0
2017-11-07,0.9596798611111097,0.2904896949572357,0.5648824037588671,0
2017-11-08,0.9455000000000011,0.33271038516185664,0.5675385529223054,0
2017-11-09,0.9376909722222219,0.3763635885529435,0.5660888873594191,0
2017-11-10,0.9408885416666659,0.3873682276157843,0.5661692608914191,0
2017-11-11,0.9498864583333346,0.3178904280918383,0.5653960859162004,0
2017-11-12,0.946458333333333,0.2843208956084482,0.5656502965303404,0
2017-11-13,0.9503531988873442,0.28610398085278865,0.564353432645885,0
2017-11-14,0.9564843750000012,0.26180621269271875,0.5645877507024359,0
2017-11-15,0.9488680555555564,0.35123345200724443,0.5663493246219657,0
2017-11-16,0.9397812499999976,0.35935001753115403,0.5657377894882756,0
2017-11-17,0.948634375000002,0.33545634868460533,0.564826322893464,0
2017-11-18,0.9415909722222211,0.3014954736216423,0.5629318945594651,0
2017-11-19,0.946862152777777,0.2859185319591392,0.5635450480898716,0
2017-11-20,0.9469121527777782,0.26823577669238563,0.5641478226065866,0
2017-11-21,0.9409815972222191,0.2925670525402924,0.5639659740807892,0
2017-11-22,0.9446625000000015,0.34917038196620975,0.564717096311255,0
2017-11-23,0.9468461805555553,0.3804913274790011,0.5637011177594122,0
2017-11-24,0.9563562500000009,0.36233363050286765,0.5628116666786316,0
2017-11-25,0.9522135416666664,0.2900789281241044,0.5617692482352534,0
2017-11-26,0.9513777777777772,0.2514312290085815,0.5624734567159939,0
2017-11-27,0.944620486111112,0.2714119993377382,0.5624439411108828,0
2017-11-28,0.9421569444444461,0.29229934822614534,0.562299372695385,0
2017-11-29,0.9407083333333339,0.2900981652788983,0.5608888161070702,0
2017-11-30,0.9470309027777775,0.2655563522939106,0.560543951722625,0
2017-12-01,0.9510003472222226,0.24262663329142187,0.5609545807594057,0
2017-12-02,0.9507100694444446,0.22413323010470818,0.5591502553329759,0
2017-12-03,0.953428472222221,0.2281599356978965,0.5608089227754115,0
2017-12-04,0.9465506944444444,0.2647215856422992,0.5610210649524394,0
2017-12-05,0.9489159722222225,0.3126852554165175,0.5620618528421302,0
2017-12-06,0.9414499999999993,0.3386604660548581,0.5612031338233329,0
2017-12-07,0.9420510416666676,0.3325317228506678,0.5612529827216587,0
2017-12-08,0.9544329861111093,0.286990692925037,0.55901049955823,0
2017-12-09,0.952093055555556,0.22830296419892343,0.5590624379358873,0
2017-12-10,0.9533715277777773,0.21019639621245412,0.5564567485585513,0
2017-12-11,0.9548333333333332,0.19080512306353195,0.558219045817833,0
2017-12-12,0.953133333333333,0.2066746021489347,0.5599142358393343,0
2017-12-13,0.9555871527777795,0.20972267914953324,0.5589609697803842,0
2017-12-14,0.955097222222223,0.22999142849532545,0.5597582391116149,0
2017-12-15,0.9541767361111108,0.23951092859191941,0.5600055848363935,0
2017-12-16,0.9567899305555545,0.24386958141141793,0.5594386141178539,0
2017-12-17,0.9650545138888877,0.20755677282389745,0.557639913569782,0
2017-12-18,0.9588947916666664,0.19539351615694772,0.5581497526047676,0
2017-12-19,0.9601548611111111,0.24025357461544633,0.5597134148412177,0
2017-12-20,0.9547749999999999,0.30070239597657356,0.5599290711425762,0
2017-12-21,0.9485381944444451,0.3281169404017975,0.559447970426388,0
2017-12-22,0.9494947916666667,0.31647276374368827,0.559186357736744,0
2017-12-23,0.955535416666666,0.3072469406715598,0.559577476355256,0
2017-12-24,0.9498479166666676,0.35570907557255854,0.5606190818012219,0
2017-12-25,0.9455496527777794,0.3660755377584184,0.5599137586782355,0
2017-12-26,0.9579736111111099,0.32341184870622386,0.5570857479403838,0
2017-12-27,0.9617659722222229,0.2862782888654565,0.5573543037798895,0
2017-12-28,0.9635472222222247,0.2857544973695444,0.5581273359107047,0
2017-12-29,0.9548833333333309,0.2594887223498215,0.5570705760410184,0
2017-12-30,0.9553871527777782,0.23515953860628214,0.5572882914292776,0
2017-12-31,0.949414412861227,0.3013539589197105,0.5578508729213332,0
2018-01-01,0.953638888888889,0.34793930611327506,0.5564595332646396,1
2018-01-02,0.9586930555555566,0.2823222045514051,0.5564846184137595,0
2018-01-03,0.9505215277777772,0.2879910249743171,0.5558564137938804,0
2018-01-04,0.9486072916666692,0.2969179322565718,0.5572510348731096,0
2018-01-05,0.9475034722222202,0.30691353067309035,0.5571022768616011,0
2018-01-06,0.9524194444444432,0.28869778205300334,0.5556779866955086,0
2018-01-07,0.9709527777777771,0.21410771289483654,0.5533770406602393,0
2018-01-08,0.9781940972222215,0.11874262214292103,0.553108525850511,0
2018-01-09,0.9615576388888892,0.14561366166603823,0.5557550710071381,0
2018-01-10,0.9558079861111102,0.20912134372019486,0.5555331781798382,0
2018-01-11,0.9621250000000008,0.2130087627876477,0.5557204274398471,0
2018-01-12,0.9584291666666632,0.2285397972169159,0.555390879318796,0
2018-01-13,0.9631878472222221,0.212260605855055,0.5547035538310424,0
2018-01-14,0.9705173611111106,0.1809730999941863,0.5543471258880799,0
2018-01-15,0.9721298611111115,0.160313314230436,0.5551824632532709,0
2018-01-16,0.9610107638888885,0.23799165260562732,0.5553290140147962,0
2018-01-17,0.9682812500000019,0.23461363543819322,0.5545269555969401,0
2018-01-18,0.9674145833333339,0.2252418923386763,0.5541473040409899,0
2018-01-19,0.9676440972222221,0.2187604339453083,0.5555951308620654,0
2018-01-20,0.9694513888888874,0.22415506963322746,0.5554764469165049,0
2018-01-21,0.9763090277777788,0.21289049935945872,0.5538607862773544,0
2018-01-22,0.9784381944444465,0.19714639345529872,0.5547853512482285,0
2018-01-23,0.9720815972222239,0.23581703768294973,0.5558435099293497,0
2018-01-24,0.9574902777777781,0.35832765885458995,0.5565658338159751,0
2018-01-25,0.9696541666666667,0.39925172060276126,0.5542798644087337,0
2018-01-26,0.9700586805555536,0.3359440131099761,0.5543118372415353,0
2018-01-27,0.9622534722222215,0.3188118044624685,0.5538086792217298,0
2018-01-28,0.9558375000000001,0.3309054263710397,0.5553571581616532,0
2018-01-29,0.9621795138888896,0.3819226330279867,0.5546057578404835,1
2018-01-30,0.9736496527777772,0.3170497082977177,0.553708486788334,0
2018-01-31,0.9721104166666673,0.2923258312058218,0.5532073050360695,0
2018-02-01,0.9738708333333326,0.2631971559354921,0.5531461083654546,1
2018-02-02,0.964271180555556,0.26473776118094544,0.5522380077318889,0
2018-02-03,0.9807586805555559,0.23098808660522846,0.5475375165509211,1
2018-02-04,0.9763236111111109,0.19886154483912027,0.5488876172840209,1
2018-02-05,0.9723774305555566,0.2071070554297778,0.5481006221126075,0
2018-02-06,0.9833854166666662,0.15131675518082427,0.5456277301639427,0
2018-02-07,0.9873784722222232,0.09265911533784985,0.5451032267831138,0
2018-02-08,0.988680902777779,0.09526186326080689,0.5453658834526134,0
2018-02-09,0.989975694444444,0.11534989220899992,0.5460378014996948,0
2018-02-10,0.9901239583333311,0.14547168772168434,0.5464449612409761,0
2018-02-11,0.9827069444444436,0.21559664486331048,0.5476032333351855,0
2018-02-12,0.9832958333333329,0.22775969742251706,0.5469956165450977,0
2018-02-13,0.9872958333333348,0.20608243455906025,0.5461763430969961,0
2018-02-14,0.9873434027777774,0.16659734940922194,0.5455195559195049,0
2018-02-15,0.9815743055555559,0.18323485191421926,0.5460012477683909,0
2018-02-16,0.9768044771866795,0.2217278798828652,0.546854926963044,0
2018-02-17,0.9730583333333362,0.25195556479180875,0.5463458348219418,0
2018-02-18,0.9761381944444458,0.2435778774284696,0.5460472398677798,0
2018-02-19,0.9768350694444431,0.23640491901021743,0.5455408777263978,0
2018-02-20,0.9820239583333299,0.2098257365508559,0.5446903114760412,0
2018-02-21,0.9822559027777784,0.1752359715132265,0.5442856492324168,0
2018-02-22,0.9775760416666657,0.180934013361369,0.5450142256010083,0
2018-02-23,0.9793475694444435,0.17231881262089332,0.5439795838197915,0
2018-02-24,0.9754458333333326,0.16215315843635636,0.5447428014762408,0
2018-02-25,0.9797493055555553,0.11567338597294707,0.5427232801937197,0
2018-02-26,0.9758062500000004,0.10769988296802183,0.5425678001372521,0
2018-02-27,0.9789083333333344,0.08799875725598771,0.5409780794342183,0
2018-02-28,0.9820767361111107,0.0010567678402670644,0.5394388169976652,0
2018-03-01,0.9786472222222192,0.0,0.541021979774845,1
2018-03-02,0.9814079861111116,0.01219521653773474,0.5397457303589939,0
2018-03-03,0.9770201388888884,0.016006758551663766,0.5404381329016142,0
2018-03-04,0.9682284722222217,0.06700539140398194,0.5415015646687558,0
2018-03-05,0.9636437500000004,0.21040632102630524,0.5424884857813205,0
2018-03-06,0.9729659722222215,0.2288534938091909,0.5413260180126155,0
2018-03-07,0.9694534722222221,0.22422989213007813,0.5421033324363413,0
2018-03-08,0.9669208333333326,0.23690326507414758,0.5423557856084139,0
2018-03-09,0.9696652777777783,0.2743798619952707,0.5421029190993393,0
2018-03-10,0.9710069444444436,0.25080871740088906,0.5425254931195898,0
2018-03-11,0.9643270833333331,0.34025381614294237,0.5428737363820644,1
2018-03-12,0.9713833333333336,0.40308044168507384,0.5423854744503548,0
2018-03-13,0.9694708333333332,0.36385368890217534,0.541744224641162,0
2018-03-14,0.9721611111111105,0.2829220261816484,0.5416548640686127,1
2018-03-15,0.9706416666666675,0.24322024664447717,0.5412241486770805,0
2018-03-16,0.9722357638888884,0.1954362427111848,0.5399471196954853,0
2018-03-17,0.9732034722222209,0.13314174306447837,0.5394979864934231,0
2018-03-18,0.960446875,0.11764999937577045,0.53863139203708,0
2018-03-19,0.9343454861111109,0.14294291184664806,0.5386577635456561,0
2018-03-20,0.9387936111111106,0.22251625454535173,0.5391041021640893,0
2018-03-21,0.9487513888888882,0.20242509594509683,0.5381102120681017,0
2018-03-22,0.9540343749999995,0.26434191122204426,0.5390949358082217,0
2018-03-23,0.9580027777777782,0.29013356096335985,0.5391678814311557,0
2018-03-24,0.9516399305555552,0.31192056575672805,0.5392366199824365,0
2018-03-25,0.9478895833333321,0.33798675816110785,0.5390074481689624,0
2018-03-26,0.9589690972222218,0.3214985087037832,0.538311878735488,0
2018-03-27,0.9572822916666679,0.28599757268268217,0.538448476737107,0
2018-03-28,0.959582291666667,0.2784095101417563,0.5378078932818683,0
2018-03-29,0.9622735773064457,0.2344737450937175,0.5378126282190375,0
2018-03-30,0.9595552083333339,0.24474828225474685,0.5375255567563235,0
2018-03-31,0.9649177083333318,0.24121038068849543,0.5373545172970519,0
2018-04-01,0.9631312499999993,0.22777648528439287,0.5379905586041324,0
2018-04-02,0.9531201388888888,0.26031440620686186,0.5375028224614039,0
2018-04-03,0.95219513888889,0.3770241662547371,0.5381561707358216,1
2018-04-04,0.9511423611111106,0.482036970783915,0.5371992378306013,1
2018-04-05,0.9691899305555552,0.43305060215356084,0.5364059240736934,1
2018-04-06,0.9484181944444441,0.3470666434573481,0.5360837430768548,1
2018-04-07,0.9043242361111112,0.4126952771067072,0.5350489166616468,1
2018-04-08,0.8963546527777775,0.48977911766195653,0.5338605553052753,1
2018-04-09,0.9169997916666668,0.5600889624009381,0.5328592015891207,1
2018-04-10,0.968577430555553,0.44602352021971214,0.5327458272004904,0
2018-04-11,0.9583777777777766,0.3332511516184091,0.5332675511939039,0
2018-04-12,0.9485548611111104,0.3323827412071317,0.5354753186080297,1
2018-04-13,0.9550177083333331,0.35741422567696474,0.5401919382899935,1
2018-04-14,0.9530947916666657,0.3571266038488799,0.541343021815497,0
2018-04-15,0.9535725694444447,0.39098705790220284,0.5407159204407065,0
2018-04-16,0.9550937499999996,0.4072376061441056,0.5404506940915362,1
2018-04-17,0.9405334375000001,0.4754754171103312,0.539382014312129,1
2018-04-18,0.9254591614027972,0.5317573193632013,0.538347447106487,1
2018-04-19,0.9191460069444445,0.5951783151579351,0.5374206345015355,1
2018-04-20,0.9124442013888889,0.6174922240902989,0.5368972662778417,1
2018-04-21,0.929628125,0.5847565737916334,0.535030831648188,1
2018-04-22,0.9270114583333329,0.5050812452572588,0.5347999814129554,0
2018-04-23,0.9283940277777778,0.5327749240302468,0.5355241843113565,1
2018-04-24,0.9430270833333327,0.47099695304559164,0.5350809776324865,0
2018-04-25,0.9430215277777787,0.45167849533404564,0.5350184474941544,0
2018-04-26,0.9427940972222224,0.41376616239921016,0.535030100710328,1
2018-04-27,0.9206228125000001,0.42498868647788535,0.5348965571475842,1
2018-04-28,0.9438133014777719,0.49467916440621745,0.26674098826455905,1
2018-04-29,0.9270912499999993,0.5275778306197598,0.0,1
2018-04-30,0.9494270833333331,0.602852766301158,0.04058233574257103,0
2018-05-01,0.7803347222222219,0.6460315892791589,0.04777036420758423,0
2018-05-02,0.4499466319444445,0.5445699703285166,0.04742945076261869,1
2018-05-03,0.9501692013888889,0.6277207434597325,0.050497617744770844,1
2018-05-04,0.9619313741114197,0.6098995436116837,0.054558496414478665,1
2018-05-05,0.9752040972222227,0.6517214327996168,0.06545318267961521,1
2018-05-06,0.961177326388889,0.7315108915803813,0.08433551766830151,1
2018-05-07,0.9504957638888888,0.8332655752322596,0.10556881566070236,0
2018-05-08,0.908491979166667,0.9247616336225861,0.12582408931558275,0
2018-05-09,0.8940952777777778,0.9369669364846291,0.14126523412646858,0
2018-05-10,0.915823923611111,0.9216307909321313,0.15544735777245466,0
2018-05-11,0.9482002430555556,0.8560485917943448,0.16534068832785878,0
2018-05-12,0.9554253124999996,0.8548113586911569,0.17640352477816107,0
2018-05-13,0.949449479166667,0.8973880638268034,0.19098350884269497,1
2018-05-14,0.9253920486111111,0.9500682723391923,0.2081527548740541,1
2018-05-15,0.8910277777777778,0.9593381656748663,0.2254396278023764,1
2018-05-16,0.8604385175462768,0.966627395344689,0.11653664155572048,1
2018-05-17,0.899493611111111,0.9638759910749122,0.00378125492709383,0
2018-05-18,0.9372190972222225,0.9697485110255085,0.010593195606512937,0
2018-05-19,0.9426493402777778,0.981063563947755,0.017079132708304506,1
2018-05-20,0.9002507986111111,0.9862223871563978,0.026148626537114375,1
2018-05-21,0.8889706597222222,0.9883456179547317,0.04131399138065004,1
2018-05-22,0.8614661805555555,0.9912145223747832,0.064527913136311,1
2018-05-23,0.8340112847222221,0.9931373874052379,0.08971752368496061,1
2018-05-24,0.8416573611111113,0.9948180445804634,0.11178569419038689,1
2018-05-25,0.8418763541666664,0.996022110175386,0.12944202171160543,1
2018-05-26,0.8544038541666665,0.9949202685418354,0.14572945686234792,1
2018-05-27,0.8874345833333335,0.9915069067168757,0.15902815472612913,1
2018-05-28,0.876080970435404,0.9949361294143786,0.16894649362214245,1
2018-05-29,0.827293263888889,0.9899812013366734,0.18409245540031,1
2018-05-30,0.821427291666667,0.9935840431832101,0.19451036835685206,1
2018-05-31,0.8274797222222224,0.9943931602950964,0.20313577398205515,1
2018-06-01,0.8347334027777777,0.9968137080393167,0.21057361149322176,1
2018-06-02,0.8523377777777776,0.9978029502345515,0.2202040148865304,1
2018-06-03,0.838054583333333,0.9981876933304283,0.22872907003771903,1
2018-06-04,0.8412813541666668,0.9954330892465527,0.22993995446164495,1
2018-06-05,0.8297622916666664,0.9956319242063576,0.2269349010004544,1
2018-06-06,0.8025318402777777,0.9943399221920863,0.22625245805603594,1
2018-06-07,0.783323298611111,0.9949922165213023,0.2262779117133277,1
2018-06-08,0.7949282979833103,0.9925558504269878,0.2319650100888111,1
2018-06-09,0.7869041319444444,0.9920617395987283,0.2471969969193187,1
2018-06-10,0.8090792361111108,0.9906251612663781,0.259297940647283,1
2018-06-11,0.7728919791666666,0.9888070715440828,0.26065748734657423,1
2018-06-12,0.7841941666666665,0.9887727134073165,0.26255619493424104,1
2018-06-13,0.7998870486111112,0.9883493599300236,0.2684597490481463,1
2018-06-14,0.7957308680555556,0.9931014984603966,0.27519309922805774,1
2018-06-15,0.7652492361111113,0.996396137614746,0.17173711021959784,1
2018-06-16,0.797332465277778,0.9999999999999999,0.00021155759541937507,1
2018-06-17,0.784626458333333,0.9982014706030914,0.0001766316141030551,1
2018-06-18,0.8096393402777777,0.9997487773861132,0.0001640771713009501,1
2018-06-19,0.8249243029960595,0.9985739247119325,0.00019271250583940947,1
2018-06-20,0.821728229166667,0.999257047814858,0.0002743564955001098,1
2018-06-21,0.8696419444444445,0.9924684242769959,4.354222742394961e-05,0
2018-06-22,0.8627750694444445,0.9897434158158798,7.9772869756325e-05,0
2018-06-23,0.8950043749999999,0.9881166771028077,2.0833737193561236e-05,1
2018-06-24,0.9105128124999997,0.9863446817125133,3.551254755191887e-05,1
2018-06-25,0.8899161805555557,0.9866203972555807,7.831822439434118e-05,1
2018-06-26,0.8737824305555553,0.9908282484708332,0.00022440188243621085,1
2018-06-27,0.8457778472222222,0.9890776843935708,0.0002640175549847,1
2018-06-28,0.8294185416666664,0.9877531952301783,0.00029624210318173047,1
2018-06-29,0.8265523958333332,0.9858976857549699,0.0002828152989603279,1
2018-06-30,0.8123104023238291,0.9838683870409402,0.0002173958275853143,1
2018-07-01,0.802667951388889,0.9832558511991943,0.00016718356678907076,1
2018-07-02,0.7901300347222224,0.9821871770739106,0.3111689192592012,1
2018-07-03,0.7946826041666666,0.9811178225894804,0.7050211542315559,1
2018-07-04,0.8217807291666668,0.9740303512976602,0.7091773550423461,1
2018-07-05,0.8548284722222219,0.9550862612050462,0.7188307844978696,1
2018-07-06,0.8076885069444443,0.9442563043524037,0.7217005924204243,1
2018-07-07,0.8053679166666665,0.9422393796703032,0.7216707295818428,1
2018-07-08,0.8033771527777778,0.948530150404614,0.7235333241283914,1
2018-07-09,0.8321479861111108,0.9383106457938368,0.7281442017198586,1
2018-07-10,0.8614021750405654,0.9223538426123152,0.7319367944603816,1
2018-07-11,0.8980745486111104,0.9250455134753788,0.7320757576691203,1
2018-07-12,0.854189618055555,0.9525265800158986,0.7282033886912633,1
2018-07-13,0.8395813541666663,0.9701587675892818,0.7226044920608218,1
2018-07-14,0.8726255208333333,0.9598647636522464,0.7238085070365214,1
2018-07-15,0.8754460416666667,0.9712680931734148,0.7250747178338627,1
2018-07-16,0.8575577777777778,0.9831600906496899,0.7290831757401911,1
2018-07-17,0.8366776388888886,0.9829022345341522,0.7350097186855894,1
2018-07-18,0.8252104861111111,0.9826066184861266,0.7379400136155969,1
2018-07-19,0.8185092708333332,0.9813571389183489,0.7418494058877484,1
2018-07-20,0.8259368027063052,0.9840451528510151,0.7446977696115454,1
2018-07-21,0.8307765972222221,0.985729296866853,0.7498395338155901,1
2018-07-22,0.8128401041666664,0.9912267688393734,0.7525756576104278,1
2018-07-23,0.8401533333333333,0.987804732435329,0.7621977152433858,1
2018-07-24,0.8252621180555555,0.9913255910050256,0.7720541379957174,1
2018-07-25,0.8150254513888888,0.9934481414442158,0.7780275164303432,1
2018-07-26,0.8114273611111111,0.9935229809500458,0.7836129803680312,1
2018-07-27,0.8285264930555556,0.9935767293224139,0.7878263683285557,1
2018-07-28,0.8328255902777779,0.9958783843062373,0.7900728291008183,1
2018-07-29,0.8347155656486633,0.9905369697123492,0.7888890034220624,1
2018-07-30,0.8093302083333336,0.995715268201486,0.7879853761859414,1
2018-07-31,0.7933492013888891,0.9958737918820152,0.7864371244294063,1
2018-08-01,0.7968097916666668,0.9922850674877146,0.7834631950925026,1
2018-08-02,0.8018032986111113,0.9909251996488385,0.7822091777367217,1
2018-08-03,0.8112171180555556,0.9915722211946899,0.7816951529047809,1
2018-08-04,0.8153422222222223,0.9896650044245447,0.7816001279437201,1
2018-08-05,0.8211703472222224,0.9847623364335817,0.7804215962579283,1
2018-08-06,0.8135890277777778,0.9865952239672564,0.7793103587233398,1
2018-08-07,0.7884870058240614,0.9905976067210496,0.7768775986657533,1
2018-08-08,0.7800544097222224,0.9908241663159686,0.7759411994324144,1
2018-08-09,0.8181827083333335,0.9882554703681642,0.7747007788884903,1
2018-08-10,0.8449605208333333,0.9831502254421045,0.7730023695491983,1
2018-08-11,0.8843986458333328,0.9748518849639218,0.7733593871052369,1
2018-08-12,0.8795579861111109,0.9727871650519633,0.7735658861684546,1
2018-08-13,0.8563780902777778,0.9796089560980906,0.7722310363550327,1
2018-08-14,0.8759409027777778,0.9787052690652019,0.7709600607850092,1
2018-08-15,0.8775059027777776,0.9781286646907446,0.769636216069264,1
2018-08-16,0.8600812604794467,0.980942374975247,0.7665389429895171,1
2018-08-17,0.8656246875000002,0.9797016550314469,0.7653216038524626,1
2018-08-18,0.8710354861111111,0.9782285073951118,0.7645977215941612,1
2018-08-19,0.8668951041666666,0.9823649209002544,0.7643462698525446,1
2018-08-20,0.8642292708333335,0.9831958095047457,0.7640333357515054,1
2018-08-21,0.8677844097222223,0.9777799806294948,0.7594264486856529,1
2018-08-22,0.8545588541666665,0.979676821922695,0.7600405968082207,1
2018-08-23,0.8553324652777778,0.9795291839884673,0.7590515368286329,0
2018-08-24,0.8611177083333335,0.9719057597810375,0.758360927439182,0
2018-08-25,0.8964755208333328,0.9622848011271091,0.7573643909226466,0
2018-08-26,0.8985965277777782,0.9627629235154872,0.756336513735783,0
2018-08-27,0.895459772253129,0.9596653333781914,0.7556355522525544,0
2018-08-28,0.9012639930555557,0.9618546440583768,0.7550874784585354,0
2018-08-29,0.8842662847222224,0.9634045021881873,0.7520169232395011,0
2018-08-30,0.8994072916666662,0.9541016114340329,0.7490889571291808,1
2018-08-31,0.9136123696105702,0.9469878187478337,0.7487765376017248,0
2018-09-01,0.917543055555556,0.9541591017816934,0.7514587017407727,1
2018-09-02,0.9264513888888881,0.9510530921999911,0.7525540402371859,0
2018-09-03,0.9087136755331479,0.9563868952759558,0.7507191553663433,0
2018-09-04,0.9059042361111103,0.9488480482146017,0.7495076789093588,0
2018-09-05,0.9075072916666663,0.949319196921755,0.7490757842916748,0
2018-09-06,0.9075954861111108,0.9434084067693134,0.748574498445349,0
2018-09-07,0.9072971090248798,0.9260477675392417,0.7488626475531304,0
2018-09-08,0.9156628472222218,0.8908572964044813,0.7486052639390052,0
2018-09-09,0.9117427430555565,0.9135151268840885,0.7485724743097374,0
2018-09-10,0.9097870138888893,0.9191665301129163,0.7482433615601978,0
2018-09-11,0.9134072916666665,0.9208492283655737,0.7487163209051058,0
2018-09-12,0.9245972222222227,0.9147748118390242,0.7490415274680121,0
2018-09-13,0.9250979166666665,0.9003615734652303,0.7482459684705914,0
2018-09-14,0.9330986111111104,0.8989872479945477,0.7463584202221666,1
2018-09-15,0.9367381944444455,0.8970194792605943,0.747018587037496,1
2018-09-16,0.9386197916666679,0.8983266192658174,0.746500270794916,1
2018-09-17,0.9374340277777771,0.9096903178668527,0.7459636765469683,1
2018-09-18,0.9332264864394996,0.922156538460582,0.7461494327980397,1
2018-09-19,0.9272407961931304,0.9310874853752543,0.7472139934449098,1
2018-09-20,0.9155231249999997,0.9265019923126897,0.7476440107503398,0
2018-09-21,0.9175680555555561,0.9084865924515024,0.7465992292957928,0
2018-09-22,0.9386364583333309,0.8738665174140126,0.7489046050272388,0
2018-09-23,0.9475069444444437,0.8727459659040053,0.7481779175479631,0
2018-09-24,0.9502656250000003,0.8628154438396014,0.7477877456535384,0
2018-09-25,0.9538458333333351,0.8580314985192483,0.7474542244825167,0
2018-09-26,0.951774999999999,0.8622087335730256,0.747697725565331,0
2018-09-27,0.9477326388888909,0.8973945272386707,0.7487859590722118,1
2018-09-28,0.9471090277777776,0.8534271680128865,0.7464309441501806,0
2018-09-29,0.9487444444444457,0.8164778834462453,0.7454432525896031,0
2018-09-30,0.9512420138888897,0.8167918691911568,0.7453457605233107,0
2018-10-01,0.9553288194444465,0.8199669352259649,0.7447147043340056,0
2018-10-02,0.9647837698964592,0.7727474592923265,0.7440376238130648,0
2018-10-03,0.9610284722222227,0.7889830396330629,0.7438625500793574,0
2018-10-04,0.961299999999996,0.8013890484425573,0.7441882178473413,0
2018-10-05,0.9598409722222232,0.8056254747418538,0.7421206294224999,0
2018-10-06,0.9606135416666672,0.7669948526408426,0.7399472054504526,0
2018-10-07,0.9672986111111133,0.7262813110207735,0.739324798945764,0
2018-10-08,0.9690190972222239,0.707413931421635,0.7395830783460196,0
2018-10-09,0.9712114583333356,0.736575825227165,0.7390496167974446,0
2018-10-10,0.9722027777777791,0.7576633868026446,0.7380541371775468,0
2018-10-11,0.9702010416666698,0.781733472775207,0.738767178457272,0
2018-10-12,0.9657392361111123,0.7733313775275809,0.7381294610078628,0
2018-10-13,0.9606822916666669,0.8013864970957678,0.7382854440589902,0
2018-10-14,0.9518905448346462,0.7444882319809681,0.7376690079108502,0
2018-10-15,0.953839583333334,0.6596861421626073,0.7372828009441357,0
2018-10-16,0.9590954861111085,0.6798571749263564,0.7376687908406587,0
2018-10-17,0.9611694444444451,0.7340579861253675,0.7383731269695902,0
2018-10-18,0.9636420138888906,0.6881456501969517,0.739183601810185,0
2018-10-19,0.9708374999999978,0.5506195537463139,0.7381892011214313,0
2018-10-20,0.9725204861111119,0.5779750940247825,0.7382998956578453,0
2018-10-21,0.9748281250000006,0.6682354501199961,0.7395980420572644,0
2018-10-22,0.9811923611111105,0.6597450782734477,0.7394350641891508,0
2018-10-23,0.9808576388888897,0.5757433459429961,0.7401401479717775,0
2018-10-24,0.978540625000001,0.5769150944785824,0.7385036662409628,0
2018-10-25,0.9744690972222239,0.6138376749488262,0.7391746937899428,0
2018-10-26,0.9748194444444431,0.5949946181890812,0.7373848830266564,0
2018-10-27,0.9788663194444449,0.5532052586727159,0.7362088488385214,0
2018-10-28,0.982663612173544,0.5067186111801578,0.7363442896865409,0
2018-10-29,0.9789989583333334,0.5131671435927564,0.7380632966951179,0
2018-10-30,0.9768805555555546,0.5926400652818198,0.7364276439177383,0
2018-10-31,0.9827302083333351,0.5591376502279759,0.7358758443387532,0
2018-11-01,0.9833975694444426,0.5397208806201361,0.7335901674586173,1
2018-11-02,0.9858,0.5492612167155119,0.733686600348841,1
2018-11-03,0.989628819444447,0.49845896953008106,0.7304211787678759,1
2018-11-04,0.9905510416666696,0.48306244210356253,0.7324929727447488,1
2018-11-05,0.9878885416666652,0.5437506478294722,0.7338498046405333,1
2018-11-06,0.991493402777774,0.5172174916661956,0.7314850071561834,1
2018-11-07,0.9928503472222237,0.5396337946497166,0.7310612455518622,1
2018-11-08,0.9944142361111121,0.5041083316814775,0.7306330025842371,1
2018-11-09,0.9939878472222201,0.45420688000257436,0.7312618705188255,1
2018-11-10,0.9924586805555589,0.47719638556483335,0.7321575915572179,1
2018-11-11,0.9896752433936071,0.5427230503875,0.731684115935231,1
2018-11-12,0.9898743055555539,0.5357450318729547,0.7308961614885838,1
2018-11-13,0.9892413194444485,0.49361719368249746,0.7301640003332744,1
2018-11-14,0.9889565972222254,0.46980955624969545,0.730302761515858,1
2018-11-15,0.9902430555555533,0.4808492338084469,0.7290801266199913,1
2018-11-16,0.9939826388888915,0.437261344895175,0.7279109747968643,1
2018-11-17,0.9958013888888885,0.3723384307768076,0.7265379665320113,1
2018-11-18,0.994833680555558,0.35314543129139736,0.727970313730401,1
2018-11-19,0.9955531250000003,0.38197757202885696,0.7287430145837657,1
2018-11-20,0.9983045138888866,0.34929366304308496,0.7268771726064329,1
2018-11-21,0.9997864583333339,0.31586600245017726,0.7253587259428693,1
2018-11-22,0.9998416666666676,0.29467887031398804,0.7263510872997992,1
2018-11-23,0.9993822916666706,0.30059098716675947,0.7279816691007975,1
2018-11-24,0.9982725694444436,0.32771950860788657,0.7276118928040656,1
2018-11-25,0.9972621527777794,0.35853491325880127,0.7266551551701843,1
2018-11-26,0.9984614583333317,0.3520159160496687,0.7257342494474757,1
2018-11-27,0.9986512609140783,0.37191941458905664,0.725708003681754,1
2018-11-28,0.9997076388888885,0.2871290779749066,0.7242386176187628,1
2018-11-29,0.9988006944444443,0.32259572389515523,0.7256191419307191,1
2018-11-30,0.9971749999999984,0.3194453548972709,0.725163858821129,1
2018-12-01,0.9956604166666645,0.42958662160829464,0.7241124047093175,1
2018-12-02,0.9941885416666658,0.4148610303515354,0.7243403008006839,1
2018-12-03,0.9920347222222212,0.5322627836846743,0.7239895775161985,1
2018-12-04,0.9970107638888874,0.4388329745175901,0.7221580007204456,1
2018-12-05,0.9987854166666685,0.4109852794434006,0.7215840237877579,1
2018-12-06,0.9968909722222264,0.40170985818968163,0.7242700798587978,1
2018-12-07,0.9932611111111079,0.49564126213560794,0.7236360573686544,1
2018-12-08,0.9969121527777804,0.46111592710890625,0.7226576719691056,1
2018-12-09,0.9979809027777764,0.49388457482605136,0.7222707543437609,1
2018-12-10,0.999578819444447,0.4221604335166818,0.7212019856665082,1
2018-12-11,0.9997826388888902,0.41836607057113634,0.7213417064899604,1
2018-12-12,0.9997083821086401,0.4456369061361893,0.7201202531704827,1
2018-12-13,0.9999840277777775,0.48637119871014745,0.7193123654144001,1
2018-12-14,1.0,0.45440605514195154,0.7177712870303562,1
2018-12-15,1.0,0.4088216523208968,0.7176016023134976,1
2018-12-16,1.0,0.3506836367740782,0.7188232357789092,1
2018-12-17,1.0,0.42949638897683445,0.7200771809526777,1
2018-12-18,1.0,0.5149712859526008,0.7198711856439306,1
2018-12-19,1.0,0.5169021452029966,0.7184743937856316,1
2018-12-20,1.0,0.5543557459850554,0.7194175216908711,1
2018-12-21,0.9999972222222222,0.5534423638343662,0.7197870419314093,1
2018-12-22,0.9999305555555557,0.621281654432051,0.7198458512769135,0
2018-12-23,1.0,0.579981813319724,0.7234692234614132,0
2018-12-24,1.0,0.5369514787248799,0.7213556695305599,0
2018-12-25,1.0,0.5419078950882112,0.7243263704319448,0
2018-12-26,1.0,0.616513187282223,0.7234803121382661,0
2018-12-27,1.0,0.5802103714696285,0.7220064153361494,0
2018-12-28,1.0,0.621547674857317,0.7228863597831845,0
2018-12-29,1.0,0.6225476327090684,0.721842670176564,0
2018-12-30,1.0,0.6250124037976421,0.7207061104319293,0
2018-12-31,0.9999961805555557,0.6416215013083811,0.7221310145250397,0
2019-01-01,1.0,0.6367912915662436,0.7187129500206326,0
2019-01-02,1.0,0.6046497648899911,0.7171574869010723,0
2019-01-03,0.9998069444444447,0.5811474386230153,0.7164525641983058,0
2019-01-04,1.0,0.5951424262130942,0.7199041561081367,0
2019-01-05,1.0,0.7542554678508349,0.7194728518633388,0
2019-01-06,1.0,0.6684429596588863,0.7188567799001666,0
2019-01-07,1.0,0.7371481773569732,0.7194220471231946,0
2019-01-08,1.0,0.7304613100335728,0.7166055300222604,0
2019-01-09,1.0,0.7009612352110752,0.7159757609712439,0
2019-01-10,1.0,0.6904939097821317,0.7166035059056672,0
2019-01-11,1.0,0.6907643525418331,0.7170117742107104,0
2019-01-12,1.0,0.7021799285275908,0.7176382472220814,0
2019-01-13,1.0,0.7251548063682565,0.7164167391254319,0
2019-01-14,1.0,0.7101365586257475,0.7140643782220546,0
2019-01-15,1.0,0.721290366430889,0.7174185548064702,0
2019-01-16,1.0,0.759732699138824,0.7156362251389953,0
2019-01-17,1.0,0.7321725408478271,0.7136391357467473,0
2019-01-18,1.0,0.705383059377085,0.7128597736681508,0
2019-01-19,1.0,0.7443941298068771,0.713496680572889,0
2019-01-20,1.0,0.7516080203321247,0.7106516757015147,1
2019-01-21,1.0,0.7385900284726893,0.7124630012636032,0
2019-01-22,1.0,0.7374892073778547,0.7126673379056667,1
2019-01-23,1.0,0.7198085442154684,0.7091510002496036,0
2019-01-24,0.999095138888888,0.6885594786462307,0.711277592531478,1
2019-01-25,0.9999961805555557,0.6998354109177025,0.7124005896557349,0
2019-01-26,0.9999326388888891,0.7277997025401783,0.7133745772711529,0
2019-01-27,1.0,0.7294209983800987,0.7127219341010312,0
2019-01-28,1.0,0.6966957235583772,0.7102709262191538,0
2019-01-29,1.0,0.6901994843626079,0.7090334791884568,1
2019-01-30,1.0,0.6821106945007486,0.708833499686466,0
2019-01-31,1.0,0.661403283596925,0.7088835506944293,0
2019-02-01,1.0,0.6739698571643802,0.7068660558269516,0
2019-02-02,1.0,0.6836802830457318,0.7051373649933991,0
2019-02-03,1.0,0.6880757432949153,0.7039561519357682,0
2019-02-04,1.0,0.6475726027400976,0.7033702482550674,0
2019-02-05,1.0,0.6791222169611553,0.7040363324758597,0
2019-02-06,1.0,0.6705893226681134,0.7035327580798103,0
2019-02-07,1.0,0.6887695395319104,0.7035517313119359,0
2019-02-08,1.0,0.7048513587061247,0.7030960181495126,0
2019-02-09,1.0,0.7262381082151356,0.7025430195892988,0
2019-02-10,1.0,0.7171804869323586,0.7017342353274325,0
2019-02-11,1.0,0.6972468144649379,0.7003082880142791,0
2019-02-12,1.0,0.7086982793955369,0.7008896085170474,0
2019-02-13,1.0,0.7255364878479857,0.7014135906677587,0
2019-02-14,1.0,0.7272290513082295,0.6994404824197348,0
2019-02-15,0.9994958333333339,0.7308145439965968,0.6967974369510324,1
2019-02-16,0.9997114583333335,0.7922361768796334,0.6954999470280293,1
2019-02-17,1.0,0.8763841864260248,0.6938059377523029,1
2019-02-18,0.999227849733426,0.8393383759058425,0.6903069659504881,1
2019-02-19,1.0,0.8190921634566921,0.6912673411763439,0
2019-02-20,1.0,0.8225943121499312,0.691483460962208,0
2019-02-21,1.0,0.8073551177754398,0.6906588825160391,0
2019-02-22,1.0,0.7746067107428259,0.6892450465848926,0
2019-02-23,0.9998447916666668,0.7760825798157373,0.6876724884851704,0
2019-02-24,0.9981479166666661,0.8332373403277875,0.6869892933281926,0
2019-02-25,0.998314236111111,0.8770150494422083,0.6856967246988688,1
2019-02-26,0.9985100694444446,0.9056916770883499,0.6853889459131928,1
2019-02-27,0.9979277777777777,0.9183165914523959,0.6834789771716537,1
2019-02-28,1.0,0.913761416894181,0.6835847162229075,0
2019-03-01,1.0,0.8844347060860396,0.6830331468665551,0
2019-03-02,1.0,0.8736306028808642,0.6829050838181405,0
2019-03-03,0.9996165435210942,0.906331384773406,0.6845894725846863,0
2019-03-04,0.9983861111111101,0.8908433490420312,0.6835228228059123,0
2019-03-05,0.9991208333333343,0.8595325408804841,0.6829834719648713,0
2019-03-06,0.9971902777777785,0.8768151939436875,0.6814492432739759,0
2019-03-07,0.996889930555553,0.9016782384984684,0.6818744849894756,0
2019-03-08,0.9971529840590965,0.8702616273283689,0.6800702478665152,0
2019-03-10,0.9963921182004308,0.8705453294626352,0.6793131588444283,0
2019-03-11,0.9984381944444451,0.8525360676241606,0.677521180934155,0
2019-03-12,0.998058333333332,0.8494554014205683,0.6775594753916923,0
2019-03-13,0.9982145833333326,0.8436117967335882,0.6772202396846573,0
2019-03-14,0.996345138888888,0.839026176103684,0.6779902135775436,0
2019-03-15,0.9938004751970297,0.830873177347619,0.6768777541405953,0
2019-03-16,0.9931461805555557,0.8142827046684432,0.6771277015839046,0
2019-03-17,0.9909156250000012,0.800856837502239,0.6766489084127076,0
2019-03-18,0.9934097222222225,0.747181603741893,0.6755319654598332,0
2019-03-19,0.9944215277777773,0.796173415245399,0.674208673886253,0
2019-03-20,0.993969444444446,0.8427826090269572,0.6731521032094222,0
2019-03-21,0.9962652777777798,0.8971909297648578,0.6743474647014545,1
2019-03-22,0.9994059027777773,0.9526947988142288,0.678285264774763,1
2019-03-23,1.0,0.9725638371629776,0.6887372947498038,1
2019-03-24,1.0,0.9674368207443129,0.6909951488829945,0
2019-03-25,1.0,0.9562756990783745,0.6934481330324143,0
2019-03-26,1.0,0.947541886225648,0.6918030711475843,0
2019-03-27,1.0,0.9518218980326011,0.690980697284138,0
2019-03-28,0.9999333333333333,0.9650404257497014,0.6921755109526798,0
2019-03-29,0.8024899305555553,0.9881409999422021,0.7066832605770618,0
2019-03-30,0.9415559722222222,0.9907508576182142,0.7326493797702256,0
2019-03-31,0.8983678125000001,0.9805737349449769,0.7440144316725121,0
2019-04-01,0.9981902777777782,0.9715036675269918,0.7413406169111035,0
2019-04-02,0.9440972222222224,0.9792942899940354,0.7442675557574019,0
2019-04-03,0.9676642361111065,0.9790292901074849,0.7471288819134996,0
2019-04-04,0.90966875,0.9798686832012756,0.7532281845295159,0
2019-04-05,0.9785657986111111,0.9832532998524061,0.7642306160319172,0
2019-04-06,0.998750523489415,0.9840689228986057,0.772160254222694,0
2019-04-07,0.9913836805555558,0.9853498265543419,0.7780812829124619,0
2019-04-08,0.9790663194444443,0.9755666022445921,0.7788537383469816,0
2019-04-09,0.9815156249999997,0.9705518450846717,0.7764603355107006,0
2019-04-10,0.9864263888888891,0.9700429364450317,0.7744437478571574,0
2019-04-11,0.9880781249999995,0.968628980054217,0.7730980145157631,1
2019-04-12,0.9874826388888889,0.9712862927805143,0.7717973531430413,0
2019-04-13,0.9823562499999997,0.9725180830105503,0.7709062221208786,0
2019-04-14,0.9855159722222221,0.9737529348567332,0.770527102432395,0
2019-04-15,0.9883440972222218,0.9824247925049177,0.7659008386749527,0
2019-04-16,0.9951177083333337,0.989205251733052,0.7646107964160925,0
2019-04-17,0.9972749753708854,0.9946852044576171,0.7707148569178839,0
2019-04-18,0.9963885416666669,0.9947949123695713,0.7754124373128056,0
2019-04-19,0.990382986111111,0.9946675151198765,0.7812054541711028,0
2019-04-20,0.9735034722222221,0.9936881381322278,0.7811147935625052,1
2019-04-21,0.9672319444444444,0.9937082087269733,0.7876486486139138,0
2019-04-22,0.9529534722222226,0.9941606475576681,0.7986064723919571,0
2019-04-23,0.9532684027777776,0.9938097523291998,0.8065073962682451,0
2019-04-24,0.9514892361111109,0.9961806338559155,0.8169725709677985,0
2019-04-25,0.948549530115129,0.9965568724624931,0.8348223544447373,1
2019-04-26,0.9473638888888891,0.9935099265589713,0.8438836917593028,0
2019-04-27,0.9434097222222226,0.9935723069879784,0.8482502225986855,0
2019-04-28,0.9420333333333331,0.9895018883197942,0.8469773239478704,0
2019-04-29,0.9402857638888891,0.9916593071651105,0.847480726626708,0
2019-04-30,0.9344635416666662,0.9935627819599641,0.8522336287875676,0
2019-05-01,0.9339482638888885,0.993090102444737,0.860349837417797,0
2019-05-02,0.9387534722222217,0.9920852119891926,0.8593481767381337,0
2019-05-03,0.9409364583333334,0.9911116180542672,0.8551691990830261,0
2019-05-04,0.9477118055555551,0.9919999970064186,0.8517437028705003,0
2019-05-05,0.9431565759735749,0.9939705722218407,0.8451602419988862,0
2019-05-06,0.945808333333333,0.9957348285268728,0.8429032290373956,0
2019-05-07,0.9446413194444443,0.9967506047287195,0.8413416509615992,0
2019-05-08,0.9483604166666666,0.997705488787187,0.8459357428158448,0
2019-05-09,0.9387055555555557,0.9974008579805039,0.8600910550228814,0
2019-05-10,0.955982638888889,0.9943045435166032,0.8639652019576958,0
2019-05-11,0.9504444444444442,0.9943271654581387,0.8617065089935315,0
2019-05-12,0.9417503472222224,0.9936445951470184,0.8680377818057023,0
2019-05-13,0.9386880555555559,0.9962365933955007,0.8485710465736764,0
2019-05-14,0.9548211805555553,0.997480800179913,0.8390965297355414,0
2019-05-15,0.963073979581981,0.9960648877565581,0.847053335197601,0
2019-05-16,0.9673559027777778,0.9959896230262653,0.8484969460385302,0
2019-05-17,0.9621333333333336,0.9968587818325999,0.8511583629693129,0
2019-05-18,0.9592392361111111,0.9976981749263902,0.8655393245075779,0
2019-05-19,0.9542729166666666,0.9950167094504845,0.8728303187301126,0
2019-05-20,0.9464805555555558,0.9946850343678312,0.8752738136041318,0
2019-05-21,0.9431939236111109,0.9946232917755222,0.8641208210595125,0
2019-05-22,0.9448093750000002,0.9943305672538579,0.852304954494163,0
2019-05-23,0.9455944840441971,0.9981614144584945,0.847075001450234,0
2019-05-24,0.9397781250000001,0.9962818372785707,0.8470638314313709,1
2019-05-25,0.9378704861111115,0.9907971220399985,0.83844412590578,0
2019-05-26,0.9526364583333335,0.9877390777779418,0.8291779149606247,0
2019-05-27,0.9596350694444448,0.982892709506137,0.8291993226261222,0
2019-05-28,0.9628656250000007,0.9819522830794771,0.8248619882713685,0
2019-05-29,0.9676475694444446,0.9750524208215876,0.8209550030794052,0
2019-05-30,0.9741697916666654,0.9734602103350696,0.8216478144001645,0
2019-05-31,0.9715756944444442,0.97269076369908,0.8210869145688409,0
